"","Trait","Mantel test observation","p-value"
"1","LDMC",0.0544833937077925,0.2617
"2","SLA",0.397051630720132,0.0129
"3","LNC",-0.0776846107354841,0.6609
"4","LCC",-0.1226828853834,0.8514
"5","HC",0.00988886423621313,0.3608
"6","CL",0.0733282480420476,0.2154
"7","LG",-0.0899051360848979,0.6892
